filename,ph
IMG_6023.PNG,6
IMG_6024.PNG,3
IMG_6025.PNG,3
IMG_6026.PNG,4
IMG_6027.PNG,5
IMG_6028.PNG,6
IMG_6035.PNG,8
IMG_6036.PNG,7
IMG_6037.PNG,8
IMG_6038.PNG,8
IMG_6039.PNG,7
IMG_6040.PNG,7
IMG_6041.PNG,7
IMG_6042.PNG,6
IMG_6043.PNG,4
IMG_6044.PNG,5
IMG_6045.PNG,3
IMG_6046.PNG,8
IMG_6047.PNG,3.5
IMG_6048.PNG,8
IMG_6049.PNG,8
IMG_6050.PNG,6
IMG_6051.PNG,6
IMG_6052.PNG,4
IMG_6053.PNG,5
IMG_6054.PNG,7
IMG_6055.PNG,6
IMG_6056.PNG,6
IMG_6057.PNG,6
IMG_6058.PNG,6
IMG_6059.PNG,6
IMG_6060.PNG,3
IMG_6061.PNG,3
IMG_6062.PNG,3
IMG_6063.PNG,3
IMG_6064.PNG,3
IMG_6065.PNG,3
IMG_6066.PNG,3
IMG_6067.PNG,3
IMG_6068.PNG,3
IMG_6069.PNG,3
IMG_6070.PNG,3
IMG_6071.PNG,3
IMG_6072.PNG,5
IMG_6073.PNG,5
IMG_6074.PNG,5
IMG_6075.PNG,4
IMG_6076.PNG,4
IMG_6077.PNG,4
IMG_6078.PNG,5
IMG_6079.PNG,6
IMG_6080.PNG,6
IMG_6081.PNG,6
IMG_6082.PNG,6
IMG_6083.PNG,8
IMG_6084.PNG,8
IMG_6085.PNG,8
IMG_6086.PNG,8
IMG_6087.PNG,8
IMG_6088.PNG,8
IMG_6089.PNG,4
IMG_6090.PNG,4
IMG_6091.PNG,4
IMG_6092.PNG,4
IMG_6093.PNG,4
IMG_6094.PNG,4
